employee_id,name,department_id
1,Adam Wright,7
2,Alec Jackson,11
3,Alexander Brown,10
4,Alexis Kim,12
5,Amanda Garcia,2
6,Amanda Rivera,8
7,Andrew Moore,4
8,Ashley Rodriguez,3
9,Austin Rodriguez,12
10,Ava Nelson,15
11,Benjamin Chen,7
12,Boyle Dennis,3
13,Brandon Nguyen,6
14,Brian Wilson,2
15,Carter Mitchell,12
16,Chloe Lopez,13
17,Christopher Evans,3
18,Daniel Williams,2
19,David Martinez,1
20,Dennis Paul,6
21,Derek Price,14
22,Dylan Hall,10
23,Emily Baker,7
24,Emily Johnson,1
25,Emma Thompson,10
26,Ethan Hill,11
27,Ethan Taylor,9
28,Gideon Fletcher,13
29,Grace Lewis,11
30,Gregory Phillips,8
31,Hailey Baker,11
32,Hannah Walker,10
33,Isabella Ramirez,13
34,Jacob Martinez,11
35,Jason Young,15
36,Jennifer Lee,1
37,Jeremy Lack,2
38,Jessica Anderson,2
39,Jonathan Mercy,9
40,Jonathan Turner,5
41,Jordan Diaz,8
42,Jordan Jada,12
43,Joshua Lee,4
44,Joshua Stewart,8
45,Justin Kim,6
46,Kayla Rodriguez,9
47,Kaylee Collins,13
48,Kevin Davis,2
49,Kimberly Reed,7
50,Lana Daniels,10
51,Lauren Murphy,5
52,Lauren White,3
53,Lily Nguyen,12
54,Logan Thomas,12
55,Lola Rolls,5
56,Lucas Carter,13
57,Madison Morris,9
58,Madison Nguyen,14
59,Mary Cambell,4
60,Mason Perez,15
61,Matthew Clark,3
62,Megan Martinez,4
63,Michael Brown,1
64,Michelle Patel,6
65,Natalie Carter,7
66,Nicholas Harris,4
67,Nicole Hall,5
68,Noah Campbell,13
69,Olivia Robinson,4
70,Osinachi Endurance,15
71,Owen Turner,14
72,Park Si Lu,8
73,Paul Jenkins,1
74,Rachel Chang,6
75,Reece Parker,14
76,Riley Hall,14
77,Ryan Scott,5
78,Samantha Taylor,3
79,Samantha Torres,8
80,Sarah Thompson,1
81,Savannah Diaz,14
82,Sophia Martinez,9
83,Stephanie King,5
84,Sydney Ward,15
85,Tammy Bernard,7
86,Taylor Rivera,15
87,Tyler Green,9
88,Tyler Jones,6
89,Victoria Adams,11
90,Zachary Clark,10
91,Okunoren Adeolu,
92,Patra Philips,
93,Olufunmilayo Dennis,
